-- phpMyAdmin SQL Dump
-- version 5.2.1
-- https://www.phpmyadmin.net/
--
-- Host: 127.0.0.1
-- Generation Time: Feb 28, 2026 at 06:02 PM
-- Server version: 10.4.32-MariaDB
-- PHP Version: 8.2.12

SET SQL_MODE = "NO_AUTO_VALUE_ON_ZERO";
START TRANSACTION;
SET time_zone = "+00:00";


/*!40101 SET @OLD_CHARACTER_SET_CLIENT=@@CHARACTER_SET_CLIENT */;
/*!40101 SET @OLD_CHARACTER_SET_RESULTS=@@CHARACTER_SET_RESULTS */;
/*!40101 SET @OLD_COLLATION_CONNECTION=@@COLLATION_CONNECTION */;
/*!40101 SET NAMES utf8mb4 */;

--
-- Database: `melody_masters`
--

-- --------------------------------------------------------

--
-- Table structure for table `categories`
--

CREATE TABLE `categories` (
  `category_id` int(11) NOT NULL,
  `category_name` varchar(50) NOT NULL,
  `parent_id` int(11) DEFAULT NULL
) ENGINE=InnoDB DEFAULT CHARSET=utf8mb4 COLLATE=utf8mb4_general_ci;

--
-- Dumping data for table `categories`
--

INSERT INTO `categories` (`category_id`, `category_name`, `parent_id`) VALUES
(6, 'Guitars', NULL),
(7, 'Pianos & Keyboards', NULL),
(8, 'Drums & Percussion', NULL),
(9, 'Audio & Studio Gear', NULL),
(10, 'Accessories', NULL);

-- --------------------------------------------------------

--
-- Table structure for table `digital_products`
--

CREATE TABLE `digital_products` (
  `digital_id` int(11) NOT NULL,
  `product_id` int(11) DEFAULT NULL,
  `file_path` varchar(255) NOT NULL,
  `download_limit` int(11) DEFAULT 5
) ENGINE=InnoDB DEFAULT CHARSET=utf8mb4 COLLATE=utf8mb4_general_ci;

--
-- Dumping data for table `digital_products`
--

INSERT INTO `digital_products` (`digital_id`, `product_id`, `file_path`, `download_limit`) VALUES
(1, 9, 'uploads/digital_assets/babareku_se.pdf', 5),
(2, 10, 'uploads/digital_assets/malen upan samanlee.pdf', 0);

-- --------------------------------------------------------

--
-- Table structure for table `inquiries`
--

CREATE TABLE `inquiries` (
  `id` int(11) NOT NULL,
  `name` varchar(100) NOT NULL,
  `email` varchar(100) NOT NULL,
  `subject` varchar(255) DEFAULT NULL,
  `message` text NOT NULL,
  `submitted_at` timestamp NOT NULL DEFAULT current_timestamp()
) ENGINE=InnoDB DEFAULT CHARSET=utf8mb4 COLLATE=utf8mb4_general_ci;

--
-- Dumping data for table `inquiries`
--

INSERT INTO `inquiries` (`id`, `name`, `email`, `subject`, `message`, `submitted_at`) VALUES
(1, 'anuththara', 'anu@gmail.com', 'well', 'your instrument is best', '2026-01-25 23:31:27'),
(2, 'anuththara', 'anu@gmail.com', 'well', 'your instrument is best', '2026-01-25 23:31:48'),
(3, 'geethma', 'ge@gmail.com', 'deliver late', 'i order gituar', '2026-02-28 09:25:44'),
(4, 'geethma', 'ge@gmail.com', 'deliver late', 'i order gituar', '2026-02-28 09:26:21');

-- --------------------------------------------------------

--
-- Table structure for table `orders`
--

CREATE TABLE `orders` (
  `order_id` int(11) NOT NULL,
  `user_id` int(11) DEFAULT NULL,
  `order_date` timestamp NOT NULL DEFAULT current_timestamp(),
  `total_amount` decimal(10,2) NOT NULL,
  `shipping_cost` decimal(10,2) DEFAULT 0.00,
  `order_status` enum('Pending','Paid','Shipped','Delivered') DEFAULT 'Pending'
) ENGINE=InnoDB DEFAULT CHARSET=utf8mb4 COLLATE=utf8mb4_general_ci;

--
-- Dumping data for table `orders`
--

INSERT INTO `orders` (`order_id`, `user_id`, `order_date`, `total_amount`, `shipping_cost`, `order_status`) VALUES
(3, 2, '2026-01-26 10:03:42', 150.00, 0.00, 'Delivered'),
(4, 2, '2026-02-27 17:32:15', 150.00, 0.00, 'Delivered'),
(5, 2, '2026-02-27 22:45:19', 500.00, 0.00, 'Delivered'),
(6, 2, '2026-02-27 22:46:14', 500.00, 0.00, 'Delivered'),
(7, 2, '2026-02-27 22:53:01', 500.00, 0.00, 'Delivered'),
(8, 2, '2026-02-27 22:57:50', 500.00, 0.00, 'Delivered'),
(9, 2, '2026-02-27 23:06:13', 500.00, 0.00, 'Delivered'),
(10, 2, '2026-02-27 23:34:36', 600.00, 0.00, 'Delivered'),
(11, 2, '2026-02-28 15:22:36', 1200.00, 0.00, 'Delivered'),
(12, 6, '2026-02-28 15:38:07', 600.00, 0.00, 'Delivered');

-- --------------------------------------------------------

--
-- Table structure for table `order_items`
--

CREATE TABLE `order_items` (
  `item_id` int(11) NOT NULL,
  `order_id` int(11) DEFAULT NULL,
  `product_id` int(11) DEFAULT NULL,
  `quantity` int(11) NOT NULL,
  `unit_price` decimal(10,2) NOT NULL
) ENGINE=InnoDB DEFAULT CHARSET=utf8mb4 COLLATE=utf8mb4_general_ci;

--
-- Dumping data for table `order_items`
--

INSERT INTO `order_items` (`item_id`, `order_id`, `product_id`, `quantity`, `unit_price`) VALUES
(3, 3, 3, 1, 150.00),
(4, 4, 3, 1, 150.00),
(5, 5, 9, 1, 500.00),
(6, 6, 9, 1, 500.00),
(7, 7, 9, 1, 500.00),
(8, 8, 9, 1, 500.00),
(9, 9, 9, 1, 500.00),
(10, 10, 10, 1, 600.00),
(11, 11, 10, 2, 600.00),
(12, 12, 10, 1, 600.00);

-- --------------------------------------------------------

--
-- Table structure for table `products`
--

CREATE TABLE `products` (
  `product_id` int(11) NOT NULL,
  `category_id` int(11) DEFAULT NULL,
  `product_name` varchar(100) NOT NULL,
  `brand` varchar(50) DEFAULT NULL,
  `price` decimal(10,2) NOT NULL,
  `stock_quantity` int(11) NOT NULL,
  `product_image` varchar(255) DEFAULT NULL,
  `specifications` text DEFAULT NULL,
  `product_type` enum('Physical','Digital') NOT NULL,
  `status` enum('Active','Archived') DEFAULT 'Active'
) ENGINE=InnoDB DEFAULT CHARSET=utf8mb4 COLLATE=utf8mb4_general_ci;

--
-- Dumping data for table `products`
--

INSERT INTO `products` (`product_id`, `category_id`, `product_name`, `brand`, `price`, `stock_quantity`, `product_image`, `specifications`, `product_type`, `status`) VALUES
(3, 6, 'Yamaha F310 Acoustic Guitar', 'Yamaha', 150.00, 3, 'download.webp', 'High-quality spruce top, Rosewood fingerboard, 20 frets, Natural finish.', '', 'Archived'),
(4, 6, 'daraz F11', 'daraz', 90.00, 8, 'g1.jpg', 'Superior Sound Quality: Engineered to produce deep bass and bright trebles for a balanced acoustic ', 'Physical', 'Active'),
(5, 7, 'Yamaha P-45 / P-125 Digital Piano', 'Yamaha', 120.00, 4, 'piano.jpg', 'Keyboard: 88-Key Graded Hammer Standard (GHS)AMW Stereo Sampling', 'Physical', 'Active'),
(7, 7, 'Korg B2 / Liano', 'KORG', 140.00, 9, 'p2.jpg', 'Keyboard: NH (Natural Weighted Hammer) Action', 'Physical', 'Active'),
(8, 9, 'Yamaha headset', 'Yamaha', 45.00, 3, 'm1.jpg', 'Active Noise Cancellation (ANC): Blocks out background noise for a peaceful listening experience.', 'Physical', 'Active'),
(9, 10, 'babareku_se lyrics', 'lyrics', 500.00, 15, 'l4.jpg', '\"Malata Bambareku Se\" is a quintessential Sinhala pop song composed and performed by the legendary Clarence Wijewardena, who is widely celebrated as the father of Sri Lankan pop music. ', 'Digital', 'Active'),
(10, 10, 'Malen upan samnlee', 'lyrics', 600.00, 16, 'anuhas.jpg', 'The singer is Raween Kanishka.This is deweni inima drama\\\'s song', 'Digital', 'Active'),
(11, 8, 'Yamaha F310 Acoustic drum', 'Yamaha', 345.00, 4, 'd3.jpg', 'it is suitable for beginner', 'Physical', 'Archived'),
(12, 9, 'Yamaha F310 Acoustic drum', 'Yamaha', 345.00, 4, 'd1.jpg', 'ffffffffffffff', 'Physical', 'Archived'),
(13, 9, 'Yamaha F310 Acoustic drum', 'Yamaha', 345.00, 4, 'd3.jpg', 'This product is sale for 45%', 'Physical', 'Active');

-- --------------------------------------------------------

--
-- Table structure for table `reviews`
--

CREATE TABLE `reviews` (
  `review_id` int(11) NOT NULL,
  `user_id` int(11) DEFAULT NULL,
  `product_id` int(11) DEFAULT NULL,
  `rating` int(11) DEFAULT NULL CHECK (`rating` >= 1 and `rating` <= 5),
  `comment` text DEFAULT NULL,
  `review_date` timestamp NOT NULL DEFAULT current_timestamp()
) ENGINE=InnoDB DEFAULT CHARSET=utf8mb4 COLLATE=utf8mb4_general_ci;

--
-- Dumping data for table `reviews`
--

INSERT INTO `reviews` (`review_id`, `user_id`, `product_id`, `rating`, `comment`, `review_date`) VALUES
(1, 2, 3, 4, 'deliver is very safe and best', '2026-02-27 18:05:54'),
(3, 6, 10, 5, 'my favourite singer it is best lyrics', '2026-02-28 16:02:03');

-- --------------------------------------------------------

--
-- Table structure for table `users`
--

CREATE TABLE `users` (
  `user_id` int(11) NOT NULL,
  `full_name` varchar(100) NOT NULL,
  `email` varchar(100) NOT NULL,
  `password` varchar(255) NOT NULL,
  `role` enum('Admin','Staff','Customer') DEFAULT 'Customer',
  `address` text DEFAULT NULL,
  `contact_number` varchar(15) DEFAULT NULL
) ENGINE=InnoDB DEFAULT CHARSET=utf8mb4 COLLATE=utf8mb4_general_ci;

--
-- Dumping data for table `users`
--

INSERT INTO `users` (`user_id`, `full_name`, `email`, `password`, `role`, `address`, `contact_number`) VALUES
(2, 'anuththra Imanshi', 'anu@gmail.com', '12345678', 'Customer', NULL, '0768483156'),
(3, 'System Admin', 'admin@melody.com', 'admin123', 'Admin', NULL, '0112345678'),
(5, 'Lavan abishek', 'lawan@gmail.com', 'lavan1234', 'Staff', NULL, NULL),
(6, 'raweeen kanishka', 'raween@gmail.com', 'raween123', 'Customer', 'alwwa', '0724567890');

-- --------------------------------------------------------

--
-- Table structure for table `user_downloads`
--

CREATE TABLE `user_downloads` (
  `id` int(11) NOT NULL,
  `user_id` int(11) NOT NULL,
  `product_id` int(11) NOT NULL,
  `download_count` int(11) DEFAULT 1
) ENGINE=InnoDB DEFAULT CHARSET=utf8mb4 COLLATE=utf8mb4_general_ci;

--
-- Dumping data for table `user_downloads`
--

INSERT INTO `user_downloads` (`id`, `user_id`, `product_id`, `download_count`) VALUES
(1, 6, 10, 3),
(2, 2, 10, 5);

--
-- Indexes for dumped tables
--

--
-- Indexes for table `categories`
--
ALTER TABLE `categories`
  ADD PRIMARY KEY (`category_id`),
  ADD KEY `parent_id` (`parent_id`);

--
-- Indexes for table `digital_products`
--
ALTER TABLE `digital_products`
  ADD PRIMARY KEY (`digital_id`),
  ADD KEY `product_id` (`product_id`);

--
-- Indexes for table `inquiries`
--
ALTER TABLE `inquiries`
  ADD PRIMARY KEY (`id`);

--
-- Indexes for table `orders`
--
ALTER TABLE `orders`
  ADD PRIMARY KEY (`order_id`),
  ADD KEY `user_id` (`user_id`);

--
-- Indexes for table `order_items`
--
ALTER TABLE `order_items`
  ADD PRIMARY KEY (`item_id`),
  ADD KEY `order_id` (`order_id`),
  ADD KEY `product_id` (`product_id`);

--
-- Indexes for table `products`
--
ALTER TABLE `products`
  ADD PRIMARY KEY (`product_id`),
  ADD KEY `category_id` (`category_id`);

--
-- Indexes for table `reviews`
--
ALTER TABLE `reviews`
  ADD PRIMARY KEY (`review_id`),
  ADD KEY `user_id` (`user_id`),
  ADD KEY `product_id` (`product_id`);

--
-- Indexes for table `users`
--
ALTER TABLE `users`
  ADD PRIMARY KEY (`user_id`),
  ADD UNIQUE KEY `email` (`email`);

--
-- Indexes for table `user_downloads`
--
ALTER TABLE `user_downloads`
  ADD PRIMARY KEY (`id`),
  ADD UNIQUE KEY `user_prod` (`user_id`,`product_id`);

--
-- AUTO_INCREMENT for dumped tables
--

--
-- AUTO_INCREMENT for table `categories`
--
ALTER TABLE `categories`
  MODIFY `category_id` int(11) NOT NULL AUTO_INCREMENT, AUTO_INCREMENT=11;

--
-- AUTO_INCREMENT for table `digital_products`
--
ALTER TABLE `digital_products`
  MODIFY `digital_id` int(11) NOT NULL AUTO_INCREMENT, AUTO_INCREMENT=3;

--
-- AUTO_INCREMENT for table `inquiries`
--
ALTER TABLE `inquiries`
  MODIFY `id` int(11) NOT NULL AUTO_INCREMENT, AUTO_INCREMENT=5;

--
-- AUTO_INCREMENT for table `orders`
--
ALTER TABLE `orders`
  MODIFY `order_id` int(11) NOT NULL AUTO_INCREMENT, AUTO_INCREMENT=13;

--
-- AUTO_INCREMENT for table `order_items`
--
ALTER TABLE `order_items`
  MODIFY `item_id` int(11) NOT NULL AUTO_INCREMENT, AUTO_INCREMENT=13;

--
-- AUTO_INCREMENT for table `products`
--
ALTER TABLE `products`
  MODIFY `product_id` int(11) NOT NULL AUTO_INCREMENT, AUTO_INCREMENT=14;

--
-- AUTO_INCREMENT for table `reviews`
--
ALTER TABLE `reviews`
  MODIFY `review_id` int(11) NOT NULL AUTO_INCREMENT, AUTO_INCREMENT=4;

--
-- AUTO_INCREMENT for table `users`
--
ALTER TABLE `users`
  MODIFY `user_id` int(11) NOT NULL AUTO_INCREMENT, AUTO_INCREMENT=7;

--
-- AUTO_INCREMENT for table `user_downloads`
--
ALTER TABLE `user_downloads`
  MODIFY `id` int(11) NOT NULL AUTO_INCREMENT, AUTO_INCREMENT=3;

--
-- Constraints for dumped tables
--

--
-- Constraints for table `categories`
--
ALTER TABLE `categories`
  ADD CONSTRAINT `categories_ibfk_1` FOREIGN KEY (`parent_id`) REFERENCES `categories` (`category_id`);

--
-- Constraints for table `digital_products`
--
ALTER TABLE `digital_products`
  ADD CONSTRAINT `digital_products_ibfk_1` FOREIGN KEY (`product_id`) REFERENCES `products` (`product_id`) ON DELETE CASCADE;

--
-- Constraints for table `orders`
--
ALTER TABLE `orders`
  ADD CONSTRAINT `orders_ibfk_1` FOREIGN KEY (`user_id`) REFERENCES `users` (`user_id`);

--
-- Constraints for table `order_items`
--
ALTER TABLE `order_items`
  ADD CONSTRAINT `order_items_ibfk_1` FOREIGN KEY (`order_id`) REFERENCES `orders` (`order_id`) ON DELETE CASCADE,
  ADD CONSTRAINT `order_items_ibfk_2` FOREIGN KEY (`product_id`) REFERENCES `products` (`product_id`);

--
-- Constraints for table `products`
--
ALTER TABLE `products`
  ADD CONSTRAINT `products_ibfk_1` FOREIGN KEY (`category_id`) REFERENCES `categories` (`category_id`);

--
-- Constraints for table `reviews`
--
ALTER TABLE `reviews`
  ADD CONSTRAINT `reviews_ibfk_1` FOREIGN KEY (`user_id`) REFERENCES `users` (`user_id`),
  ADD CONSTRAINT `reviews_ibfk_2` FOREIGN KEY (`product_id`) REFERENCES `products` (`product_id`);
COMMIT;

/*!40101 SET CHARACTER_SET_CLIENT=@OLD_CHARACTER_SET_CLIENT */;
/*!40101 SET CHARACTER_SET_RESULTS=@OLD_CHARACTER_SET_RESULTS */;
/*!40101 SET COLLATION_CONNECTION=@OLD_COLLATION_CONNECTION */;
